ip_address,country,auth_method
46.101.0.13,United Kingdom,Guest/Blank
184.170.106.60,United States,Guest/Blank
86.134.26.89,United Kingdom,Guest/Blank
194.62.250.115,United States,Guest/Blank
170.64.40.21,United States,Guest/Blank
197.242.159.192,South Africa,Guest/Blank
91.109.4.12,United Kingdom,Guest/Blank
40.136.242.195,United States,Guest/Blank
46.110.116.122,United States,Guest/Blank
209.202.84.91,Canada,Guest/Blank
67.79.15.84,United States,Guest/Blank
65.110.21.135,Canada,Guest/Blank
64.251.10.35,United States,Guest/Blank
90.249.206.37,United Kingdom,Guest/Blank
209.58.198.76,United States,Guest/Blank
71.47.233.12,United States,Guest/Blank
148.230.50.251,United States,Guest/Blank
192.241.167.48,United States,Guest/Blank
104.215.84.26,United States,Guest/Blank
65.110.21.140,Canada,Guest/Blank
167.114.61.65,Canada,Guest/Blank
67.21.72.69,United States,Guest/Blank
67.21.72.66,United States,Guest/Blank
69.178.84.143,United States,Guest/Blank
147.202.164.70,United States,Guest/Blank
67.21.72.67,United States,Guest/Blank
69.121.176.76,United States,Guest/Blank
69.178.115.155,United States,Guest/Blank
74.133.53.111,United States,Guest/Blank
69.178.115.93,United States,Guest/Blank
24.237.30.110,United States,Guest/Blank
144.48.37.55,Australia,Guest/Blank
209.208.78.54,United States,Guest/Blank
12.1.163.179,United States,Guest/Blank
104.136.36.202,United States,Guest/Blank
174.140.167.187,United States,Guest/Blank
173.173.195.175,United States,Guest/Blank
85.131.181.15,Canada,Guest/Blank
67.21.72.70,United States,Guest/Blank
170.205.30.232,United States,Guest/Blank
45.66.159.42,United States,Guest/Blank
68.235.230.162,United States,Guest/Blank
57.132.149.162,United States,Guest/Blank
74.48.107.65,United States,Guest/Blank
45.79.156.22,United States,Guest/Blank
49.187.97.175,Australia,Guest/Blank
81.133.242.86,United Kingdom,Guest/Blank
134.209.177.142,United Kingdom,Guest/Blank
35.246.20.199,United Kingdom,Guest/Blank
47.197.62.154,United States,Guest/Blank
159.203.75.147,United States,Guest/Blank
62.31.228.122,United Kingdom,Guest/Blank
176.126.241.28,United Kingdom,Guest/Blank
45.88.78.2,United States,Guest/Blank
104.236.140.39,United States,Guest/Blank
78.147.168.14,United Kingdom,Guest/Blank
24.67.189.164,Canada,Guest/Blank
148.230.50.147,United States,Guest/Blank
198.199.104.196,United States,Guest/Blank
192.183.221.182,United States,Guest/Blank
74.209.117.205,United States,Guest/Blank
69.50.137.197,United States,Guest/Blank
138.197.99.143,United States,Guest/Blank
148.230.50.210,United States,Guest/Blank
23.94.211.117,United States,Guest/Blank
68.183.148.115,United States,Guest/Blank
41.185.95.93,South Africa,Guest/Blank
72.184.172.7,United States,Guest/Blank
1.42.124.245,Australia,Guest/Blank
213.168.250.42,United Kingdom,Guest/Blank
103.1.186.74,Australia,Guest/Blank
